{"number_episodes": 9, "episode_rewards": [681.6999999999414, 684.7999999999416, 618.8999999999322, 768.6999999999576, 726.8999999999559, 749.7999999999495, 784.9999999999608, 756.999999999957, 668.2999999999416], "mean_all_episodes": 715.6777777777264, "std_all_episodes": 51.99704644984268}