{"number_episodes": 5, "episode_rewards": [681.6999999999414, 684.7999999999416, 618.8999999999322, 768.6999999999576, 726.8999999999559], "mean_all_episodes": 696.1999999999458, "std_all_episodes": 50.0284718935221}