{"number_episodes": 6, "episode_rewards": [696.1999999999651, 733.6999999999663, 793.8999999999724, 634.099999999939, 782.0999999999731, 539.6999999999251], "mean_all_episodes": 696.6166666666235, "std_all_episodes": 88.20238879356954}