{"number_episodes": 11, "episode_rewards": [681.6999999999414, 684.7999999999416, 618.8999999999322, 768.6999999999576, 726.8999999999559, 749.7999999999495, 784.9999999999608, 756.999999999957, 668.2999999999416, 794.2999999999607, 812.6999999999654], "mean_all_episodes": 731.6454545454058, "std_all_episodes": 58.09347269916883}