{"number_episodes": 6, "episode_rewards": [432.09999999990515, 690.1999999999543, 746.8999999999671, 701.1999999999623, 676.9999999999628, 701.0999999999624], "mean_all_episodes": 658.0833333332856, "std_all_episodes": 103.32446332900349}