{"number_episodes": 3, "episode_rewards": [696.1999999999651, 733.6999999999663, 793.8999999999724], "mean_all_episodes": 741.2666666666346, "std_all_episodes": 40.24312225572385}