{"number_episodes": 8, "episode_rewards": [681.6999999999414, 684.7999999999416, 618.8999999999322, 768.6999999999576, 726.8999999999559, 749.7999999999495, 784.9999999999608, 756.999999999957], "mean_all_episodes": 721.5999999999494, "std_all_episodes": 52.21110992883551}