{"number_episodes": 8, "episode_rewards": [432.09999999990515, 690.1999999999543, 746.8999999999671, 701.1999999999623, 676.9999999999628, 701.0999999999624, 705.8999999999548, 699.7999999999566], "mean_all_episodes": 669.2749999999533, "std_all_episodes": 91.56988792721836}