{"number_episodes": 2, "episode_rewards": [681.6999999999414, 684.7999999999416], "mean_all_episodes": 683.2499999999416, "std_all_episodes": 1.550000000000125}