{"number_episodes": 1, "episode_rewards": [696.1999999999651], "mean_all_episodes": 696.1999999999651, "std_all_episodes": 0.0}