{"number_episodes": 10, "episode_rewards": [696.1999999999651, 733.6999999999663, 793.8999999999724, 634.099999999939, 782.0999999999731, 539.6999999999251, 758.8999999999667, 730.6999999999692, 790.8999999999702, 703.7999999999472], "mean_all_episodes": 716.3999999999595, "std_all_episodes": 75.32994092658117}