{"number_episodes": 4, "episode_rewards": [432.09999999990515, 690.1999999999543, 746.8999999999671, 701.1999999999623], "mean_all_episodes": 642.5999999999472, "std_all_episodes": 123.37793562872609}