{"number_episodes": 13, "episode_rewards": [681.6999999999414, 684.7999999999416, 618.8999999999322, 768.6999999999576, 726.8999999999559, 749.7999999999495, 784.9999999999608, 756.999999999957, 668.2999999999416, 794.2999999999607, 812.6999999999654, 777.6999999999657, 679.1999999999492], "mean_all_episodes": 731.1538461537984, "std_all_episodes": 56.834288342179775}