{"number_episodes": 2, "episode_rewards": [432.09999999990515, 690.1999999999543], "mean_all_episodes": 561.1499999999297, "std_all_episodes": 129.0500000000246}