{"number_episodes": 11, "episode_rewards": [432.09999999990515, 690.1999999999543, 746.8999999999671, 701.1999999999623, 676.9999999999628, 701.0999999999624, 705.8999999999548, 699.7999999999566, 571.499999999959, 743.2999999999666, 533.3999999999867], "mean_all_episodes": 654.7636363635944, "std_all_episodes": 94.51582140504087}