{"number_episodes": 5, "episode_rewards": [432.09999999990515, 690.1999999999543, 746.8999999999671, 701.1999999999623, 676.9999999999628], "mean_all_episodes": 649.4799999999502, "std_all_episodes": 111.2071472523463}