{"number_episodes": 5, "episode_rewards": [696.1999999999651, 733.6999999999663, 793.8999999999724, 634.099999999939, 782.0999999999731], "mean_all_episodes": 727.9999999999632, "std_all_episodes": 58.532999239756606}