{"number_episodes": 8, "episode_rewards": [696.1999999999651, 733.6999999999663, 793.8999999999724, 634.099999999939, 782.0999999999731, 539.6999999999251, 758.8999999999667, 730.6999999999692], "mean_all_episodes": 708.6624999999597, "std_all_episodes": 79.49688574876708}