{"number_episodes": 4, "episode_rewards": [681.6999999999414, 684.7999999999416, 618.8999999999322, 768.6999999999576], "mean_all_episodes": 688.5249999999432, "std_all_episodes": 53.23562599426224}