{"number_episodes": 1, "episode_rewards": [681.6999999999414], "mean_all_episodes": 681.6999999999414, "std_all_episodes": 0.0}