{"number_episodes": 3, "episode_rewards": [432.09999999990515, 690.1999999999543, 746.8999999999671], "mean_all_episodes": 623.0666666666089, "std_all_episodes": 137.0034630543922}