{"number_episodes": 7, "episode_rewards": [432.09999999990515, 690.1999999999543, 746.8999999999671, 701.1999999999623, 676.9999999999628, 701.0999999999624, 705.8999999999548], "mean_all_episodes": 664.9142857142384, "std_all_episodes": 97.11220945119912}