{"number_episodes": 1, "episode_rewards": [432.09999999990515], "mean_all_episodes": 432.09999999990515, "std_all_episodes": 0.0}