{"number_episodes": 7, "episode_rewards": [681.6999999999414, 684.7999999999416, 618.8999999999322, 768.6999999999576, 726.8999999999559, 749.7999999999495, 784.9999999999608], "mean_all_episodes": 716.5428571428056, "std_all_episodes": 53.95211784915545}