{"number_episodes": 3, "episode_rewards": [216.90000000003394, 574.1999999999633, 546.4999999999314], "mean_all_episodes": 445.8666666666429, "std_all_episodes": 162.29833298243076}