{"number_episodes": 4, "episode_rewards": [216.90000000003394, 574.1999999999633, 546.4999999999314, 369.99999999988165], "mean_all_episodes": 426.89999999995257, "std_all_episodes": 144.34252665099433}