{"number_episodes": 6, "episode_rewards": [666.0999999999643, 667.5999999999631, 609.5999999999505, 519.7999999999587, 614.5999999999539, 685.1999999999509], "mean_all_episodes": 627.1499999999569, "std_all_episodes": 55.5467295766971}