{"number_episodes": 5, "episode_rewards": [666.0999999999643, 667.5999999999631, 609.5999999999505, 519.7999999999587, 614.5999999999539], "mean_all_episodes": 615.5399999999581, "std_all_episodes": 53.793813770732285}