{"number_episodes": 1, "episode_rewards": [666.0999999999643], "mean_all_episodes": 666.0999999999643, "std_all_episodes": 0.0}