{"number_episodes": 2, "episode_rewards": [666.0999999999643, 667.5999999999631], "mean_all_episodes": 666.8499999999638, "std_all_episodes": 0.7499999999993747}