{"number_episodes": 7, "episode_rewards": [666.0999999999643, 667.5999999999631, 609.5999999999505, 519.7999999999587, 614.5999999999539, 685.1999999999509, 698.8999999999527], "mean_all_episodes": 637.3999999999562, "std_all_episodes": 57.22794022902722}