{"number_episodes": 3, "episode_rewards": [666.0999999999643, 667.5999999999631, 609.5999999999505], "mean_all_episodes": 647.766666666626, "std_all_episodes": 26.994855476971136}