{"number_episodes": 6, "episode_rewards": [216.90000000003394, 574.1999999999633, 546.4999999999314, 369.99999999988165, 707.7999999999563, 767.6999999999656], "mean_all_episodes": 530.5166666666221, "std_all_episodes": 188.8429807773788}