{"number_episodes": 1, "episode_rewards": [216.90000000003394], "mean_all_episodes": 216.90000000003394, "std_all_episodes": 0.0}