{"number_episodes": 2, "episode_rewards": [216.90000000003394, 574.1999999999633], "mean_all_episodes": 395.54999999999865, "std_all_episodes": 178.6499999999647}