{"number_episodes": 4, "episode_rewards": [666.0999999999643, 667.5999999999631, 609.5999999999505, 519.7999999999587], "mean_all_episodes": 615.7749999999592, "std_all_episodes": 60.1410165777091}