{"number_episodes": 8, "episode_rewards": [666.0999999999643, 667.5999999999631, 609.5999999999505, 519.7999999999587, 614.5999999999539, 685.1999999999509, 698.8999999999527, 661.3999999999565], "mean_all_episodes": 640.3999999999563, "std_all_episodes": 54.11707216766235}